asset,feature,horizon_days,n,pearson_r,spearman_r,naive_p,nw_p,nw_q
BTC,AdrActCnt,3,2341,0.03909340978785858,0.04464520203939218,0.030770232598109074,0.2261346439094687,0.48018714509171134
BTC,CapMVRVCur,3,2341,0.013413784942251792,-8.429805282479057e-05,0.9967474416635774,0.7258328866861732,0.7987088565117757
BTC,HashRate,3,2341,-0.04265879703060064,-0.05890986625882251,0.004354881192586887,0.13545594893933421,0.36583669212645087
BTC,FlowInExUSD,3,2341,-0.0609393490574872,-0.06516733070885446,0.0016065329169524965,0.019095760948197055,0.10263971509655917
BTC,FlowOutExUSD,3,2341,-0.056104594746722865,-0.06648528143407784,0.001287913247053532,0.031196031986449737,0.15781522063733397
BTC,IssTotUSD,3,2341,-0.08099078696178115,-0.07906382412255697,0.00012847320152481456,0.007476115514829777,0.04592470959109721
BTC,FeeTotNtv,3,2341,0.032827842677515776,0.06728649830271646,0.0011238427796193245,0.2024060950656713,0.45212790066617486
BTC,NVT_Tx_Basis,3,2314,-0.08899432879086998,-0.09631153804061228,3.4628310665726027e-06,0.0016131461753587345,0.011098445686468093
BTC,Activity_Velocity,3,2341,-0.02697112785541789,-0.01491697931653121,0.47066589444743984,0.31786168103835677,0.5467220913859736
BTC,FearGreedValue,3,2340,0.05948121166110338,0.03154515777615448,0.12713058452297002,0.09910994247230219,0.3342531393183525
BTC,Tx_Intensity,3,2341,-0.02697112785541789,-0.01491697931653121,0.47066589444743984,0.31786168103835677,0.5467220913859736
BTC,Velocity_Momentum,3,2334,-0.04828235972163872,-0.053326531039505826,0.009973766037412953,0.01784399296880719,0.09900538034305925
BTC,Log_Return,3,2340,-0.022098667975555115,-0.01899688005566102,0.35833710030921156,0.37134432470853496,0.5506139987057588
BTC,Tx_Intensity_lag_1d,3,2340,-0.029733760662407592,-0.01633678377892116,0.429586974968607,0.26646844642571665,0.5196226327024918
BTC,AdrActCnt_lag_1d,3,2340,0.040044921426088446,0.04388180908949408,0.033786800974503865,0.22022826300444154,0.4794843194527082
BTC,NVT_Tx_Basis_lag_1d,3,2313,-0.0883553106102054,-0.09465142907985945,5.11748290100509e-06,0.0017432170002934413,0.01116755514675534
BTC,Velocity_Momentum_lag_1d,3,2333,-0.032805582030974806,-0.03477499845202385,0.09309753862891211,0.10917221079808676,0.34110714613867826
BTC,Tx_Intensity_lag_3d,3,2338,-0.032362507151071356,-0.014663938464452969,0.4785091585580792,0.22371434454843941,0.48018714509171134
BTC,AdrActCnt_lag_3d,3,2338,0.03795513578263607,0.04711712639672179,0.022708992618323175,0.23910088666228202,0.4951865153465775
BTC,NVT_Tx_Basis_lag_3d,3,2311,-0.09115887693913562,-0.09720659214983786,2.846986407899643e-06,0.0012532188993283142,0.009797893212930456
BTC,Velocity_Momentum_lag_3d,3,2331,-0.02054974577236179,-0.017216391465318504,0.40606937831987394,0.30385597359233285,0.5467220913859736
BTC,Tx_Intensity_lag_7d,3,2334,-0.005812841220070617,0.0032447787199662522,0.8754997853133103,0.8326169109458162,0.8640891475861532
BTC,AdrActCnt_lag_7d,3,2334,-0.006617838342407069,-0.00010923416588279062,0.9957916266593781,0.8389702770167884,0.8640891475861532
BTC,NVT_Tx_Basis_lag_7d,3,2307,-0.09210875590242744,-0.09737463830926288,2.7910256502944076e-06,0.0012331353827309713,0.009797893212930456
BTC,Velocity_Momentum_lag_7d,3,2327,0.018133886028844342,0.022702307818130894,0.2736529022589843,0.3635808114377719,0.5506139987057588
BTC,Tx_Intensity_lag_14d,3,2327,-0.012254693278565936,-0.008386113716894142,0.6859719857481883,0.6564096442684156,0.7427793343037334
BTC,AdrActCnt_lag_14d,3,2327,0.018652419772694075,0.019784733239192775,0.3400957483220641,0.5500981459134995,0.6912942479614467
BTC,NVT_Tx_Basis_lag_14d,3,2300,-0.09434521200145575,-0.09976130035760587,1.6369592446016601e-06,0.0009895127469724447,0.009797893212930456
BTC,Velocity_Momentum_lag_14d,3,2320,-0.02079506670338381,-0.012596883554763566,0.544220404902143,0.29091411484154894,0.5438829103559394
BTC,Tx_Intensity_lag_30d,3,2311,-0.020105882357858644,-0.0022069934006826767,0.9155512377388655,0.4836339604755667,0.644845280634089
BTC,AdrActCnt_lag_30d,3,2311,0.022022571458014964,0.014801731442412617,0.4769506619327579,0.5064446094287802,0.6649501742118336
BTC,NVT_Tx_Basis_lag_30d,3,2284,-0.10634502396917721,-0.1124978485443399,7.022871487329639e-08,0.0002096673335304367,0.009015695341808778
BTC,Velocity_Momentum_lag_30d,3,2304,0.008202587950308591,0.027244569078843053,0.19112025097921242,0.649411723556711,0.739727261269896
BTC,Price_Dist_lag_30d,3,2311,0.05913391175251968,0.06971818112398967,0.0007970403934462944,0.13626354136480617,0.36583669212645087
BTC,Price_Dist_lag_90d,3,2251,0.07521963062322828,0.03844738697806567,0.06818443043455187,0.10140627723243323,0.33542076315343294
BTC,Price_Dist_lag_182d,3,2159,0.02601166097106185,0.02076549568304453,0.33483800419789844,0.5546430594109282,0.6912942479614467
BTC,Price_vs_MA7,3,2335,0.02784825820070567,-0.005045218079932593,0.8074901143330433,0.4474381951919725,0.615674956584154
BTC,Volatility_30d,3,2311,0.050822312991036615,0.02392297302161215,0.2503135724445624,0.15106373434724707,0.3821023868783308
BTC,ExchangeNetFlow,3,2341,-0.010622481772444051,0.013914945187792377,0.5009905171578295,0.620862455810187,0.7164622156589915
BTC,ExchangeNetFlow_7d_MA,3,2335,-0.06062456478738005,-0.043227119174982974,0.03673729187725646,0.02934206276833499,0.15293438776223087
BTC,Puell_Multiple,3,1977,0.044618344831111656,0.032756203924455225,0.14541363939322025,0.3319319503875846,0.5489643794871591
BTC,HashRate_30d_MA,3,2312,-0.04127474049098936,-0.058734565705882515,0.004727159137046884,0.1586099397499635,0.38423816390132004
BTC,HashRate_vs_MA30,3,2312,0.025348511048587312,0.030924449685911536,0.1371469791098533,0.31192865335907716,0.5467220913859736
BTC,AdrActCnt,7,2337,0.05964198540162882,0.049833176837298425,0.01598447734212367,0.20526970207580497,0.45264600970562124
BTC,CapMVRVCur,7,2337,0.017871337433721934,-0.007559292822929037,0.7149285060591363,0.7476286389441621,0.7987088565117757
BTC,HashRate,7,2337,-0.06507497749234199,-0.08408090103277281,4.7070353697470965e-05,0.11549484469956954,0.3485107594443151
BTC,FlowInExUSD,7,2337,-0.0732740792176735,-0.07708372817230268,0.00019149554500319597,0.04271355722292968,0.19856032006334878
BTC,FlowOutExUSD,7,2337,-0.061934528392500535,-0.07653425673667172,0.00021280246722860818,0.07553756297669606,0.2887213518220383
BTC,IssTotUSD,7,2337,-0.13130039467050034,-0.13018898978080154,2.663447104163625e-10,0.00175304644745578,0.01116755514675534
BTC,FeeTotNtv,7,2337,0.06392882625922729,0.10922497631267038,1.2017491314304627e-07,0.1216854246509069,0.3608602248268274
BTC,NVT_Tx_Basis,7,2310,-0.13650092311036954,-0.14787322514652912,9.157959416395305e-13,0.0008437837944430028,0.009797893212930456
BTC,Activity_Velocity,7,2337,-0.04455557958691751,-0.00978256496560499,0.6364470509739832,0.24183527493670065,0.4951865153465775
BTC,FearGreedValue,7,2336,0.08171266828624302,0.04316317893969355,0.03697624327255493,0.1110581406032906,0.34110714613867826
BTC,Tx_Intensity,7,2337,-0.04455557958691751,-0.00978256496560499,0.6364470509739832,0.24183527493670065,0.4951865153465775
BTC,Velocity_Momentum,7,2330,-0.042097942184595775,-0.04935662517339342,0.01718985274381476,0.06916824348930443,0.2703849518218264
BTC,Log_Return,7,2336,0.004016860091664998,-0.010520213794620294,0.6113083070123912,0.8841483377751791,0.9039014698964342
BTC,Tx_Intensity_lag_1d,7,2336,-0.03839054383933447,-0.004413291782783744,0.8311780654965891,0.3175073756583735,0.5467220913859736
BTC,AdrActCnt_lag_1d,7,2336,0.04685521616494404,0.03935021440138396,0.057223424353681156,0.3291179950461588,0.5489643794871591
BTC,NVT_Tx_Basis_lag_1d,7,2309,-0.13733472154888957,-0.14746532150541627,1.0703902112154165e-12,0.0008146633728054335,0.009797893212930456
BTC,Velocity_Momentum_lag_1d,7,2329,-0.021941774640129856,-0.02076311080973877,0.316540769863669,0.3699017264169767,0.5506139987057588
BTC,Tx_Intensity_lag_3d,7,2334,-0.031000532684998514,0.002560921065460704,0.9015877806027267,0.4172986138656378,0.5883226359417189
BTC,AdrActCnt_lag_3d,7,2334,0.030261253854547924,0.029882343957224652,0.14896147625265863,0.5334908921212016,0.6867649674943809
BTC,NVT_Tx_Basis_lag_3d,7,2307,-0.13861706923450257,-0.14721388523080334,1.1964497959612274e-12,0.0007674671743926427,0.009797893212930456
BTC,Velocity_Momentum_lag_3d,7,2327,0.0010725521572225005,0.0081891783076971,0.6929668464333227,0.9632667406357809,0.9642119484051741
BTC,Tx_Intensity_lag_7d,7,2330,-0.027696784349584336,0.00668912667799626,0.7469111042538596,0.48289233612752225,0.644845280634089
BTC,AdrActCnt_lag_7d,7,2330,0.03812842285685052,0.027747851842785835,0.18059349260185065,0.4275401677773881,0.5931544038246227
BTC,NVT_Tx_Basis_lag_7d,7,2303,-0.13932275683335638,-0.14593979188020662,1.9572504614891407e-12,0.0007550455969419997,0.009797893212930456
BTC,Velocity_Momentum_lag_7d,7,2323,-0.004691312220227235,0.011842251803307368,0.568352283974799,0.83128051560584,0.8640891475861532
BTC,Tx_Intensity_lag_14d,7,2323,-0.0238380628583126,-0.00288227467390314,0.8895734383239571,0.5517759082099003,0.6912942479614467
BTC,AdrActCnt_lag_14d,7,2323,0.04768545491816932,0.028916956809357068,0.16353921121671589,0.2787741636276946,0.5301042695526489
BTC,NVT_Tx_Basis_lag_14d,7,2296,-0.14326033171072008,-0.14998383410334873,5.059301909729726e-13,0.0005308826282477279,0.009797893212930456
BTC,Velocity_Momentum_lag_14d,7,2316,-0.040475756434273265,-0.04122167606399664,0.0473050701364545,0.04524296066008122,0.20478392719826236
BTC,Tx_Intensity_lag_30d,7,2307,-0.013916966127365982,0.015227301441494784,0.4647595077423606,0.7363723949261444,0.7987088565117757
BTC,AdrActCnt_lag_30d,7,2307,0.04161419489666994,0.02058291457290361,0.32305872914390005,0.394282101756977,0.5768325547102711
BTC,NVT_Tx_Basis_lag_30d,7,2280,-0.16249205519925458,-0.1740950151443894,5.646766475923902e-17,9.301422906259638e-05,0.005332815799588859
BTC,Velocity_Momentum_lag_30d,7,2300,0.01113198971520065,0.02491878830551599,0.23224376469182342,0.6248216997026088,0.7164622156589915
BTC,Price_Dist_lag_30d,7,2307,0.08857308003179125,0.11123756423434823,8.479615107635228e-08,0.08421401765804727,0.30839450846274813
BTC,Price_Dist_lag_90d,7,2247,0.11327370507235543,0.058114347955807985,0.005859116424539787,0.08964956641358958,0.30839450846274813
BTC,Price_Dist_lag_182d,7,2155,0.03385506609971918,0.023732834177454865,0.2707917938002597,0.5948579763012207,0.7147926467418173
BTC,Price_vs_MA7,7,2331,0.02356740732017151,-0.003698129352028453,0.8583679212255937,0.5901739410618836,0.7147926467418173
BTC,Volatility_30d,7,2307,0.07751634393262191,0.03056643513125908,0.14218817125558947,0.10903575081284089,0.34110714613867826
BTC,ExchangeNetFlow,7,2337,-0.029984373643799408,0.00014365757881803148,0.9944618838075336,0.17534660927082824,0.41314543554222544
BTC,ExchangeNetFlow_7d_MA,7,2331,-0.06427824616138116,-0.059764242443001846,0.0038958257483477222,0.06716236792699119,0.26864947170796477
BTC,Puell_Multiple,7,1973,0.048577617890465906,0.03600718868269672,0.10984528821428256,0.4526309031767385,0.6178771059238017
BTC,HashRate_30d_MA,7,2308,-0.06392507222524287,-0.079209204477242,0.00013938027578926286,0.13673717159222926,0.36583669212645087
BTC,HashRate_vs_MA30,7,2308,0.011551187217679247,0.024385471497555995,0.24157557063706925,0.6797094738739228,0.7641178399105537
BTC,AdrActCnt,14,2330,0.06918528067237856,0.0391557476650959,0.05878989474747968,0.3003580529039632,0.5467220913859736
BTC,CapMVRVCur,14,2330,0.02390425413080681,-0.031082439690086887,0.13363799480458344,0.7427984831138946,0.7987088565117757
BTC,HashRate,14,2330,-0.08731554858656948,-0.0942170396082856,5.224634686993784e-06,0.1373920142721267,0.36583669212645087
BTC,FlowInExUSD,14,2330,-0.0977310808874009,-0.11574753868062533,2.1069134788814048e-08,0.03575416764953697,0.17570619530629597
BTC,FlowOutExUSD,14,2330,-0.08812579924400442,-0.1130377544196955,4.4761616511075266e-08,0.05212191382321093,0.22897402459245086
BTC,IssTotUSD,14,2330,-0.1860426754224208,-0.19131205530828133,1.2096428390223683e-20,0.0011074576021360704,0.009797893212930456
BTC,FeeTotNtv,14,2330,0.09922449654292241,0.1363336101850486,3.890798086407401e-11,0.08855982461401384,0.30839450846274813
BTC,NVT_Tx_Basis,14,2303,-0.18971285121591655,-0.20668340023727846,1.2242871721610025e-23,0.0010157328501560954,0.009797893212930456
BTC,Activity_Velocity,14,2330,-0.04796205972320096,0.016292588612488664,0.43182378062986476,0.3674148448038491,0.5506139987057588
BTC,FearGreedValue,14,2329,0.10643687390139997,0.045869873124118665,0.02685329686142094,0.13611445642063938,0.36583669212645087
BTC,Tx_Intensity,14,2330,-0.04796205972320096,0.016292588612488664,0.43182378062986476,0.3674148448038491,0.5506139987057588
BTC,Velocity_Momentum,14,2323,-0.032187519903680864,-0.021587478069293363,0.2983288078762326,0.13825223830360062,0.36583669212645087
BTC,Log_Return,14,2329,0.02038196964730969,0.01427755460346703,0.49101465590076376,0.47840173240328254,0.644845280634089
BTC,Tx_Intensity_lag_1d,14,2329,-0.04538690300250851,0.01688780019365957,0.41528930359134103,0.3957339619523953,0.5768325547102711
BTC,AdrActCnt_lag_1d,14,2329,0.06267655846839117,0.02992059795163332,0.14887756436863367,0.3506045532945421,0.5506139987057588
BTC,NVT_Tx_Basis_lag_1d,14,2302,-0.1906888068030602,-0.20635797335668485,1.4731593831206195e-23,0.0009740681345368928,0.009797893212930456
BTC,Velocity_Momentum_lag_1d,14,2322,-0.026148088811740567,-0.011349629540750595,0.5846334698804009,0.24707037369628693,0.49782014427979826
BTC,Tx_Intensity_lag_3d,14,2327,-0.042373818068151915,0.014872463706757622,0.4733205518412598,0.4276229422921698,0.5931544038246227
BTC,AdrActCnt_lag_3d,14,2327,0.06030532824872082,0.0352297087305096,0.08930791890598488,0.3684796473983134,0.5506139987057588
BTC,NVT_Tx_Basis_lag_3d,14,2300,-0.19265443567205418,-0.20702167306236935,1.1039519363501537e-23,0.0008948989121795105,0.009797893212930456
BTC,Velocity_Momentum_lag_3d,14,2320,-0.021752754025523003,-0.012144283809967037,0.5587814100657266,0.34141495110253806,0.5506139987057588
BTC,Tx_Intensity_lag_7d,14,2323,-0.034154783947300565,0.01829440891667433,0.37813158562675897,0.5350378235130642,0.6867649674943809
BTC,AdrActCnt_lag_7d,14,2323,0.0594358055572021,0.02558757942255623,0.21765200455615813,0.3539152798340346,0.5506139987057588
BTC,NVT_Tx_Basis_lag_7d,14,2296,-0.1946670872661718,-0.20796184017565036,7.522209067134219e-24,0.0008064581427534626,0.009797893212930456
BTC,Velocity_Momentum_lag_7d,14,2316,-0.0312830095992006,-0.030908531425442247,0.13700944967722423,0.130796313537347,0.36583669212645087
BTC,Tx_Intensity_lag_14d,14,2316,-0.018896056060976815,0.02897024080338785,0.16339976213988858,0.7428821548409712,0.7987088565117757
BTC,AdrActCnt_lag_14d,14,2316,0.06686816130544308,0.025165210280757647,0.22604507801422813,0.2688745018053591,0.5196226327024918
BTC,NVT_Tx_Basis_lag_14d,14,2289,-0.1964364717767349,-0.20924813238122,4.6018918073027485e-24,0.0006786954147677418,0.009797893212930456
BTC,Velocity_Momentum_lag_14d,14,2309,-0.018459621000555322,-0.022072095778705357,0.2890698169187133,0.40851478230101856,0.5883226359417189
BTC,Tx_Intensity_lag_30d,14,2300,-0.018415647510429744,0.03305759480829029,0.11297590441660592,0.7434303895170549,0.7987088565117757
BTC,AdrActCnt_lag_30d,14,2300,0.056134668511416234,0.011939892299254623,0.5671009791184735,0.41073060292706143,0.5883226359417189
BTC,NVT_Tx_Basis_lag_30d,14,2273,-0.22586786520663715,-0.24111884575634715,1.9994277244690737e-31,8.789025439277403e-05,0.005332815799588859
BTC,Velocity_Momentum_lag_30d,14,2293,-0.012496286310613853,0.003689422227908282,0.8598435816113755,0.5702268136985815,0.7056044025622736
BTC,Price_Dist_lag_30d,14,2300,0.11696566527815942,0.1252128465512901,1.6862961807433318e-09,0.06239760332980748,0.2610318060811984
BTC,Price_Dist_lag_90d,14,2240,0.14697712696376802,0.07399173247147547,0.0004569880585720078,0.08534970797715667,0.30839450846274813
BTC,Price_Dist_lag_182d,14,2148,0.038367207295628966,0.018462339009030344,0.3924182998149162,0.6247135041295502,0.7164622156589915
BTC,Price_vs_MA7,14,2324,0.06567172040000413,0.05441769036108011,0.008693068985751338,0.17890111375392448,0.41582421034695954
BTC,Volatility_30d,14,2300,0.08870604506339869,0.03061592326922195,0.14214932313077588,0.1418112897729758,0.36729634453140664
BTC,ExchangeNetFlow,14,2330,-0.022779016870624762,-0.007624690192500063,0.7129834396363985,0.24891007213989913,0.49782014427979826
BTC,ExchangeNetFlow_7d_MA,14,2324,-0.038238645882763975,-0.05764787305447552,0.0054375856900313446,0.34220825177618464,0.5506139987057588
BTC,Puell_Multiple,14,1966,0.043246278025062035,0.029148930452415935,0.1963902602035304,0.60258682428816,0.7147926467418173
BTC,HashRate_30d_MA,14,2301,-0.08625733896680958,-0.08521302090723318,4.262212305445812e-05,0.1572038637866248,0.38423816390132004
BTC,HashRate_vs_MA30,14,2301,0.019408862419021632,0.035176234022797875,0.09161012058878518,0.5515904704436734,0.6912942479614467
BTC,AdrActCnt,30,2314,0.09180572325766809,0.059387915823201534,0.004266182321206532,0.30519651775155743,0.5467220913859736
BTC,CapMVRVCur,30,2314,0.020478427815832367,-0.038622223318865945,0.06322943376914097,0.8347815251708425,0.8640891475861532
BTC,HashRate,30,2314,-0.12144110792362356,-0.12149637056912999,4.5446497051178255e-09,0.1585438196887119,0.38423816390132004
BTC,FlowInExUSD,30,2314,-0.15702138503884686,-0.16508649515438154,1.3284015240570213e-15,0.01591877937844556,0.09441482941698746
BTC,FlowOutExUSD,30,2314,-0.15364353691715005,-0.1633880403511267,2.6034050776181358e-15,0.01755619125156499,0.09900538034305925
BTC,IssTotUSD,30,2314,-0.26628361806869716,-0.25943019481915214,6.650796378073591e-37,0.0011976857152749007,0.009797893212930456
BTC,FeeTotNtv,30,2314,0.1214071614317875,0.21980873844309087,1.0278627224394057e-26,0.1430747388581642,0.36729634453140664
BTC,NVT_Tx_Basis,30,2287,-0.27093353141756366,-0.2793964472464828,2.7894768742257543e-42,0.001491217447519501,0.010687058373889759
BTC,Activity_Velocity,30,2314,-0.041365909454221576,0.034707509346069025,0.0950831666961575,0.6000331129635501,0.7147926467418173
BTC,FearGreedValue,30,2313,0.13563931587762176,0.06755289195034946,0.0011507135105325212,0.1901797261669258,0.43614550534281654
BTC,Tx_Intensity,30,2314,-0.041365909454221576,0.034707509346069025,0.0950831666961575,0.6000331129635501,0.7147926467418173
BTC,Velocity_Momentum,30,2307,-0.03699799348085825,-0.030162582394346705,0.1475358048118475,0.08833160423637305,0.30839450846274813
BTC,Log_Return,30,2313,0.022481891271441207,0.030609610337419844,0.1411080653407607,0.2804621426121573,0.5301042695526489
BTC,Tx_Intensity_lag_1d,30,2313,-0.03945958924213376,0.03565584971601978,0.08644823487166628,0.6198523767518678,0.7164622156589915
BTC,AdrActCnt_lag_1d,30,2313,0.0874461485507601,0.052805161647131116,0.011085476814868937,0.3289849491481881,0.5489643794871591
BTC,NVT_Tx_Basis_lag_1d,30,2286,-0.27227589161741317,-0.2812327122116991,8.059975284306387e-43,0.0013883555446681482,0.010382484942735718
BTC,Velocity_Momentum_lag_1d,30,2306,-0.027656394667971297,-0.01692230166053765,0.41665364246303066,0.20219287147314657,0.45212790066617486
BTC,Tx_Intensity_lag_3d,30,2311,-0.03981967946962553,0.035524746948971994,0.08774936735945733,0.6194433501653784,0.7164622156589915
BTC,AdrActCnt_lag_3d,30,2311,0.08706174567497164,0.05475237441889103,0.008472057418353602,0.33046999261949483,0.5489643794871591
BTC,NVT_Tx_Basis_lag_3d,30,2284,-0.27601847623997483,-0.2867129145054186,1.804677261196274e-44,0.001154933330378733,0.009797893212930456
BTC,Velocity_Momentum_lag_3d,30,2304,-0.02150053100550236,-0.0096340678353771,0.6439414658368362,0.3136909691986097,0.5467220913859736
BTC,Tx_Intensity_lag_7d,30,2307,-0.027759471194190227,0.04629437272366713,0.02617784836121169,0.7338186236248999,0.7987088565117757
BTC,AdrActCnt_lag_7d,30,2307,0.08526386063506454,0.0398843165283844,0.0554393374099178,0.35292160606736445,0.5506139987057588
BTC,NVT_Tx_Basis_lag_7d,30,2280,-0.2825737874902922,-0.2964104687251837,1.818731805624659e-47,0.0008195333133020245,0.009797893212930456
BTC,Velocity_Momentum_lag_7d,30,2300,-0.013780240747834903,-0.006481264642632421,0.7560554415652215,0.5223945462055446,0.6806959238435883
BTC,Tx_Intensity_lag_14d,30,2300,-0.02160466493804394,0.048076476910980256,0.021124788058901178,0.7924579432849455,0.8413751002778433
BTC,AdrActCnt_lag_14d,30,2300,0.08639622564027492,0.03420387417435334,0.10101592033447966,0.3585481484733103,0.5506139987057588
BTC,NVT_Tx_Basis_lag_14d,30,2273,-0.29405783652643197,-0.3103177098476154,6.271444051671833e-52,0.00042524649198849313,0.009797893212930456
BTC,Velocity_Momentum_lag_14d,30,2293,-0.024285076383205484,-0.014897373194358512,0.4758361873995191,0.26013420532900944,0.5142883139837888
BTC,Tx_Intensity_lag_30d,30,2284,-0.011208993593447198,0.06203779948024849,0.003016064873339501,0.888135746584287,0.9039014698964342
BTC,AdrActCnt_lag_30d,30,2284,0.061824277010571006,0.018432306925862334,0.37859128336087955,0.49632589362481916,0.6566773361805299
BTC,NVT_Tx_Basis_lag_30d,30,2257,-0.33920930796965126,-0.3406054296348867,2.0410902356379207e-62,4.635029798130217e-05,0.005332815799588859
BTC,Velocity_Momentum_lag_30d,30,2277,-0.0010819867970499443,0.01751004834673372,0.4036341995404646,0.959092038859146,0.9642119484051741
BTC,Price_Dist_lag_30d,30,2284,0.1419744861152741,0.11266716915599845,6.710669097523854e-08,0.05324977316103509,0.22897402459245086
BTC,Price_Dist_lag_90d,30,2224,0.18331399886366756,0.10717879883419831,4.0576109269687533e-07,0.03771587243372068,0.18019805718333215
BTC,Price_Dist_lag_182d,30,2132,0.04140162369756668,0.04945317735139228,0.022401606287683805,0.7195792012518112,0.7987088565117757
BTC,Price_vs_MA7,30,2308,0.07252104404066535,0.09081237618746955,1.2456356810010522e-05,0.06374032474075776,0.2610318060811984
BTC,Volatility_30d,30,2284,0.12585189397323815,0.03648493133523416,0.08128384769075331,0.10721738176987954,0.34110714613867826
BTC,ExchangeNetFlow,30,2314,0.0009580344164165969,-0.002890222921914489,0.8894844386680897,0.9642119484051741,0.9642119484051741
BTC,ExchangeNetFlow_7d_MA,30,2308,0.012814939599430116,-0.0007622260662900433,0.9708049284404994,0.7983623256358812,0.8424436810390893
BTC,Puell_Multiple,30,1950,0.05877666774385896,0.0359020568801242,0.1129921799969861,0.5998985490431994,0.7147926467418173
BTC,HashRate_30d_MA,30,2285,-0.12236978088929688,-0.11529851693921575,3.259628368317678e-08,0.16492580990262773,0.39398943476738846
BTC,HashRate_vs_MA30,30,2285,0.027206735488443514,0.035433470178933474,0.09038237818482163,0.4142804949962854,0.5883226359417189
ADA,AdrActCnt,3,2341,-0.07373236619993842,-0.05555057415954813,0.007179687422750886,0.008638305527386059,0.05099757697173163
ADA,CapMVRVCur,3,2341,0.03839715346940126,-0.051842317557043105,0.012118325764605998,0.3540413851845542,0.4764669109025776
ADA,SplyCur,3,2341,-0.09739392369679918,-0.08532657156768028,3.568665353445437e-05,0.004004013631590942,0.03047515916193078
ADA,NVT_Tx_Basis,3,2314,0.06822616103278435,-0.0009367999067720482,0.9640757973665662,0.059190641891561584,0.11518178962682254
ADA,Activity_Velocity,3,2341,-0.07528069957258586,-0.05702604637165509,0.00578166066733717,0.02991695957692031,0.09322879509745141
ADA,FearGreedValue,3,2340,0.08872458407141304,0.02707221236275764,0.19049400535613623,0.01917543629328621,0.08628946331978794
ADA,ActiveStakeADA,3,2121,-0.00503526430389094,0.005535390642459771,0.7988927926160205,0.8667792512264458,0.9110672421650234
ADA,Tx_Intensity,3,2341,-0.07528069957258586,-0.05702604637165509,0.00578166066733717,0.02991695957692031,0.09322879509745141
ADA,Velocity_Momentum,3,2334,-0.00972998223726589,-0.006835159526615675,0.7413669451333301,0.6823376274643418,0.738771566577934
ADA,Log_Return,3,2340,0.0026501343050811255,-0.010574069449308488,0.6091786546710755,0.9266172265139547,0.9530920044143534
ADA,Tx_Intensity_lag_1d,3,2340,-0.07821795438918201,-0.061753996791387225,0.0028033565696900333,0.02258861582505571,0.09134297587556632
ADA,AdrActCnt_lag_1d,3,2340,-0.07564043663398957,-0.06033159912005543,0.0035053302703888676,0.007317246239641594,0.04789470265947226
ADA,NVT_Tx_Basis_lag_1d,3,2313,0.07007417362655939,0.002274749414552664,0.9129312147539203,0.050646862982875365,0.11050224650809169
ADA,Velocity_Momentum_lag_1d,3,2333,-0.0003729842371855671,-0.000833607904859701,0.9678996837299468,0.9865192974275313,0.9917318604644595
ADA,Tx_Intensity_lag_3d,3,2338,-0.07753017356952857,-0.05755106607254583,0.005376289348581373,0.023026733331740556,0.09134297587556632
ADA,AdrActCnt_lag_3d,3,2338,-0.06699946043858206,-0.06226905116847542,0.002593612487617444,0.02070392589938097,0.08768721557384881
ADA,NVT_Tx_Basis_lag_3d,3,2311,0.0688044597046731,0.003274126196317192,0.8749990574126739,0.051418125278312854,0.11051059761309032
ADA,Velocity_Momentum_lag_3d,3,2331,0.011931818314926543,0.01346009081858138,0.5159895085728786,0.5720535570023698,0.65900569766673
ADA,Tx_Intensity_lag_7d,3,2334,-0.07205058966487511,-0.05818227704752779,0.004927298325161951,0.05242514050452044,0.11067885091481604
ADA,AdrActCnt_lag_7d,3,2334,-0.07511756230145646,-0.06557394395712288,0.0015260185840799269,0.008863773635906395,0.05099757697173163
ADA,NVT_Tx_Basis_lag_7d,3,2307,0.06974378657184922,0.006764686538812274,0.7453749034817785,0.03813423521573668,0.09673271567248463
ADA,Velocity_Momentum_lag_7d,3,2327,0.015252206374525238,-0.015039437536830097,0.46836709649485103,0.5828774525147444,0.6635118457914686
ADA,Tx_Intensity_lag_14d,3,2327,-0.0734731188899128,-0.052533081093679976,0.011259789798832241,0.03429819890892034,0.09673271567248463
ADA,AdrActCnt_lag_14d,3,2327,-0.08673935709990412,-0.0764190524107163,0.0002244362037112799,0.002086996468074829,0.021046738732634507
ADA,NVT_Tx_Basis_lag_14d,3,2300,0.05049421390058721,-0.005595316912076017,0.7885467627228396,0.13318913287859385,0.22689956251873786
ADA,Velocity_Momentum_lag_14d,3,2320,-0.003574203065386452,0.014069269880945473,0.4981940092557391,0.8908010929612074,0.9295315752638685
ADA,Tx_Intensity_lag_30d,3,2311,-0.08009482530696163,-0.053893131703633315,0.009562004716096806,0.017833793192041408,0.08560220732179875
ADA,AdrActCnt_lag_30d,3,2311,-0.07980733995981179,-0.07191528437410359,0.0005406101857876892,0.009209565613891208,0.05099757697173163
ADA,NVT_Tx_Basis_lag_30d,3,2284,0.04236040020849131,-0.006705819957790755,0.7487352910137544,0.2131681109886393,0.31975216648295895
ADA,Velocity_Momentum_lag_30d,3,2304,-0.020326715467022402,-0.0035097772436154047,0.8662855974451061,0.33679334858199417,0.4575305867528977
ADA,Price_Dist_lag_30d,3,2311,0.07477649434875705,0.04415865203672576,0.03377734761898782,0.04990805545654429,0.11050224650809169
ADA,Price_Dist_lag_90d,3,2251,0.0875350999373902,0.04035615405717978,0.055568790511195336,0.04340958708269891,0.10777552655014902
ADA,Price_Dist_lag_182d,3,2159,0.03158946381705841,0.027722495545059546,0.197875363585914,0.47615193671618383,0.5860331528814571
ADA,Price_vs_MA7,3,2335,0.03902483128629784,0.002259906741362658,0.9130878702827481,0.33360833277193835,0.4575305867528977
ADA,Volatility_30d,3,2311,0.02684615841811304,-0.023901237223485715,0.25074435303749304,0.4378808739956871,0.5531126829419205
ADA,StakingRatio,3,2121,0.028219693457728155,0.02369649431186885,0.27534520501292764,0.33026762829231604,0.4575305867528977
ADA,AdrActCnt,7,2337,-0.10518590386244085,-0.09309381377093834,6.551120445231879e-06,0.004232660994712608,0.03047515916193078
ADA,CapMVRVCur,7,2337,0.056136031517433745,-0.06312950130527577,0.002263752701270721,0.3613604820778894,0.4818139761038525
ADA,SplyCur,7,2337,-0.1449616233105291,-0.13255730812954628,1.2499932132239902e-10,0.003877639667853136,0.03047515916193078
ADA,NVT_Tx_Basis,7,2310,0.10187994926600594,0.01889920785874553,0.36391423139522483,0.05442226283443883,0.11067885091481604
ADA,Activity_Velocity,7,2337,-0.11585930815184642,-0.0938629963694646,5.4887243099975884e-06,0.02410439641160778,0.09134297587556632
ADA,FearGreedValue,7,2336,0.13789885762372572,0.0551740370649474,0.007646652306359739,0.00956204568219968,0.05099757697173163
ADA,ActiveStakeADA,7,2117,-0.01353753602308381,-0.016290421475843853,0.4537707466156804,0.7422403860977687,0.7976314596871543
ADA,Tx_Intensity,7,2337,-0.11585930815184642,-0.0938629963694646,5.4887243099975884e-06,0.02410439641160778,0.09134297587556632
ADA,Velocity_Momentum,7,2330,0.00024589304219163236,0.0007535955248783059,0.9709980221192379,0.9917318604644595,0.9917318604644595
ADA,Log_Return,7,2336,0.01870564095197715,0.0035898039487983696,0.8623285691849114,0.547346206273562,0.640830166575067
ADA,Tx_Intensity_lag_1d,7,2336,-0.11455367022198974,-0.09267272891037802,7.245877311743677e-06,0.025771706809142057,0.09279560902900444
ADA,AdrActCnt_lag_1d,7,2336,-0.10630996077427723,-0.09922827264618087,1.545852272663936e-06,0.004210511878477973,0.03047515916193078
ADA,NVT_Tx_Basis_lag_1d,7,2309,0.10272321582928173,0.021447098709157432,0.3029454182139146,0.049740144594525415,0.11050224650809169
ADA,Velocity_Momentum_lag_1d,7,2329,0.014634941779469933,0.012818015952017989,0.5363861071898682,0.5488290073251492,0.640830166575067
ADA,Tx_Intensity_lag_3d,7,2334,-0.11401508996419263,-0.09656547765789854,2.9589571942936844e-06,0.029039567765758834,0.09322879509745141
ADA,AdrActCnt_lag_3d,7,2334,-0.10639386815755682,-0.10506457788094993,3.634039955389106e-07,0.004813489932774072,0.033006788110450776
ADA,NVT_Tx_Basis_lag_3d,7,2307,0.10128942550589817,0.023341435850618375,0.2624312658166437,0.04567935904562189,0.10783324102573036
ADA,Velocity_Momentum_lag_3d,7,2327,0.017265883052577525,-0.00260897823722163,0.899900482913882,0.5513709944991725,0.640830166575067
ADA,Tx_Intensity_lag_7d,7,2330,-0.11555792960316749,-0.09462667825832774,4.751854075960095e-06,0.025776558063612343,0.09279560902900444
ADA,AdrActCnt_lag_7d,7,2330,-0.12422549255051667,-0.10621103311126101,2.767875460296696e-07,0.0007617691038765154,0.012188305662024246
ADA,NVT_Tx_Basis_lag_7d,7,2303,0.08864874886899493,0.0212732879188794,0.3075115731329843,0.07104394106020036,0.13606725790018123
ADA,Velocity_Momentum_lag_7d,7,2323,0.014758608788200915,0.024631838376359853,0.23533242336245627,0.5851805862188647,0.6635118457914686
ADA,Tx_Intensity_lag_14d,7,2323,-0.11487403573316686,-0.10249412801546873,7.408227411429072e-07,0.03042884284430706,0.09322879509745141
ADA,AdrActCnt_lag_14d,7,2323,-0.1259256047223832,-0.11852564748738649,1.0056473969770436e-08,0.0009690574277590013,0.013826701583841184
ADA,NVT_Tx_Basis_lag_14d,7,2296,0.06504349724010072,0.008802679960743407,0.6733367774105589,0.18990513382310126,0.29091850287794235
ADA,Velocity_Momentum_lag_14d,7,2316,-0.0020921431470968814,-0.019257010763993915,0.3542765364637577,0.9402525273237256,0.9602579002455068
ADA,Tx_Intensity_lag_30d,7,2307,-0.11894425213944121,-0.09108571991331317,1.1775703151545812e-05,0.017536383534968735,0.08560220732179875
ADA,AdrActCnt_lag_30d,7,2307,-0.1300487184465693,-0.1222221246092765,3.876230462186706e-09,0.0017214598151095932,0.019068477951983184
ADA,NVT_Tx_Basis_lag_30d,7,2280,0.05545666114932615,0.003543307529066059,0.8657192709978555,0.2781568553850797,0.40622758425630195
ADA,Velocity_Momentum_lag_30d,7,2300,-0.03823054393775757,-0.014383685796209196,0.4905225079632727,0.13393376954231054,0.22689956251873786
ADA,Price_Dist_lag_30d,7,2307,0.1200343954754672,0.061957860687821956,0.00290931661646143,0.035529782408615505,0.09673271567248463
ADA,Price_Dist_lag_90d,7,2247,0.129537750639372,0.07495784644332909,0.0003762315551267165,0.02751688831539574,0.09322879509745141
ADA,Price_Dist_lag_182d,7,2155,0.04699430052876053,0.06879647054468839,0.0013953955707420337,0.3828889430363831,0.5058349339196254
ADA,Price_vs_MA7,7,2331,0.07298073783736024,0.016892975059628227,0.4149459297847824,0.1712649718226119,0.2680669124180013
ADA,Volatility_30d,7,2307,0.035330870117795454,-0.01682242998509333,0.4193085602922672,0.5315644479844004,0.6378773375812804
ADA,StakingRatio,7,2117,0.03699672176757872,0.02223665874351832,0.30647329443399973,0.33394561236030007,0.4575305867528977
ADA,AdrActCnt,14,2330,-0.1478261966853256,-0.15387420646199207,8.139184169241257e-14,0.0007347874286172071,0.012188305662024246
ADA,CapMVRVCur,14,2330,0.06274265355940675,-0.09030223800695758,1.2684520013372792e-05,0.4522193722765657,0.561375772481254
ADA,SplyCur,14,2330,-0.18753908415048823,-0.16693471025065387,5.037043461598236e-16,0.007724914177804364,0.04836468006973167
ADA,NVT_Tx_Basis,14,2303,0.12687407781924456,0.01783282292019161,0.3923335496133618,0.0835841407149931,0.1543091828584488
ADA,Activity_Velocity,14,2330,-0.153358974881018,-0.1151268072188654,2.507702069906663e-08,0.03666191128464855,0.09673271567248463
ADA,FearGreedValue,14,2329,0.17912767870347074,0.06965844140206782,0.000768275415274153,0.013058554802251843,0.06715828184015234
ADA,ActiveStakeADA,14,2110,-0.025805415254272542,-0.046960340471283175,0.0310039021642524,0.6758569017621756,0.738771566577934
ADA,Tx_Intensity,14,2330,-0.153358974881018,-0.1151268072188654,2.507702069906663e-08,0.03666191128464855,0.09673271567248463
ADA,Velocity_Momentum,14,2323,0.0106485178334298,0.019191447850391806,0.35519103035696875,0.628269023926328,0.706802651917119
ADA,Log_Return,14,2329,0.04886481468462395,0.01924365885921864,0.3532618982972806,0.15135732789296125,0.242171724628738
ADA,Tx_Intensity_lag_1d,14,2329,-0.15450556794475204,-0.11694219748728141,1.513760637426062e-08,0.035033026301577924,0.09673271567248463
ADA,AdrActCnt_lag_1d,14,2329,-0.15274201800119755,-0.16113795339673714,5.1385308364329676e-15,0.0004827107254249234,0.009930049208741281
ADA,NVT_Tx_Basis_lag_1d,14,2302,0.12451922662804878,0.018034845370112247,0.38709525363188346,0.0864498436253403,0.15757946179808865
ADA,Velocity_Momentum_lag_1d,14,2322,0.016890514002602927,0.014689852099946023,0.47924406838679107,0.48168448485427295,0.5878183543984349
ADA,Tx_Intensity_lag_3d,14,2327,-0.15302533398745344,-0.11642545479688625,1.7772731892819872e-08,0.037158827554562006,0.09673271567248463
ADA,AdrActCnt_lag_3d,14,2327,-0.15530844326906326,-0.16358021575382742,2.0178385538819872e-15,0.00048074359431926183,0.009930049208741281
ADA,NVT_Tx_Basis_lag_3d,14,2300,0.11807708410120095,0.016362534201843398,0.4328374120671069,0.09933209966480863,0.17659039940410423
ADA,Velocity_Momentum_lag_3d,14,2320,0.01773248146481725,0.010168985280893623,0.6244510338263048,0.4429200168609665,0.5546128906780798
ADA,Tx_Intensity_lag_7d,14,2323,-0.1533598663017179,-0.12184275358422758,3.83127585444993e-09,0.03829003328702517,0.09673271567248463
ADA,AdrActCnt_lag_7d,14,2323,-0.16286380199534178,-0.1680742484098717,3.5070585473490876e-16,0.0004018322846650206,0.009930049208741281
ADA,NVT_Tx_Basis_lag_7d,14,2296,0.10290474193430611,0.01203781837301074,0.5642650824071117,0.1490589036808892,0.24117395651739376
ADA,Velocity_Momentum_lag_7d,14,2316,0.009571501501097077,-0.002888498486001602,0.8895024885329559,0.6469947729298735,0.7166711330915523
ADA,Tx_Intensity_lag_14d,14,2316,-0.15468586053463732,-0.12205142961255587,3.802212524079582e-09,0.03631429818039616,0.09673271567248463
ADA,AdrActCnt_lag_14d,14,2316,-0.16198921162366497,-0.18172741349663024,1.2035940270912428e-18,0.001622786457352373,0.019068477951983184
ADA,NVT_Tx_Basis_lag_14d,14,2289,0.08261811768305373,0.0030132751347846896,0.8854316174507177,0.25870199729628895,0.3840524495944908
ADA,Velocity_Momentum_lag_14d,14,2309,-0.009817083053190246,-0.02724344370994169,0.1906571833056166,0.6818073402489622,0.738771566577934
ADA,Tx_Intensity_lag_30d,14,2300,-0.15377438069366406,-0.09425305373403661,5.9588860309869045e-06,0.02871247188050624,0.09322879509745141
ADA,AdrActCnt_lag_30d,14,2300,-0.16099522801134505,-0.17632914593577573,1.613814238154213e-17,0.0021923686179827614,0.021046738732634507
ADA,NVT_Tx_Basis_lag_30d,14,2273,0.07061399609842355,-0.008260511953103514,0.6938629686085345,0.3350068931761696,0.4575305867528977
ADA,Velocity_Momentum_lag_30d,14,2293,-0.038753265041549564,-0.00756775600434142,0.7172087820158438,0.13003759941781873,0.22560740139958912
ADA,Price_Dist_lag_30d,14,2300,0.14737009382739563,0.05547605782813619,0.007787625553084602,0.07948219385312655,0.1486420248681847
ADA,Price_Dist_lag_90d,14,2240,0.16187461396271496,0.09048986093035448,1.7933954719897885e-05,0.04492912543986332,0.10782990105567196
ADA,Price_Dist_lag_182d,14,2148,0.05541606465528761,0.09095708989637062,2.423114001209257e-05,0.3134820668514092,0.4469447289762666
ADA,Price_vs_MA7,14,2324,0.11943255571696862,0.05655888054062147,0.006385491214238339,0.036726551062552994,0.09673271567248463
ADA,Volatility_30d,14,2300,0.050442142237662156,-0.032895064655103855,0.11475846468420675,0.5518259767729743,0.640830166575067
ADA,StakingRatio,14,2110,0.04153582230978545,0.006185517335760884,0.776437620872898,0.42939837366985245,0.5471979275084845
ADA,AdrActCnt,30,2314,-0.2035276233183371,-0.2283251582054133,9.513176427125629e-29,0.00025203275099751164,0.009930049208741281
ADA,CapMVRVCur,30,2314,0.05412466585806741,-0.1140576194252334,3.762934435172581e-08,0.6468019997514499,0.7166711330915523
ADA,SplyCur,30,2314,-0.23189430138677367,-0.2044771692033845,2.9017871866029337e-23,0.020702819625621,0.08768721557384881
ADA,NVT_Tx_Basis,30,2287,0.13627152210673205,0.03208929088257301,0.12499298541022084,0.1430344654439733,0.23949957004572275
ADA,Activity_Velocity,30,2314,-0.20133161816925352,-0.1582436485098277,1.9131396341314997e-14,0.05633307623793283,0.11112278052414147
ADA,FearGreedValue,30,2313,0.20953488162576375,0.10013867564742192,1.3960668338646215e-06,0.044173644990561436,0.10781364201086181
ADA,ActiveStakeADA,30,2094,-0.07446180765635668,-0.11431702003311735,1.5606678546827508e-07,0.4090233951934684,0.5306249451158509
ADA,Tx_Intensity,30,2314,-0.20133161816925352,-0.1582436485098277,1.9131396341314997e-14,0.05633307623793283,0.11112278052414147
ADA,Velocity_Momentum,30,2307,0.0033829927117408286,-0.0007219707071421031,0.9723521657248168,0.8606435225076163,0.9110672421650234
ADA,Log_Return,30,2313,0.03710008867667475,0.019615172417308237,0.34570843407928586,0.0967486769587057,0.17414761852567026
ADA,Tx_Intensity_lag_1d,30,2313,-0.202208996470921,-0.15793795183949666,2.177234459835463e-14,0.05457082232605513,0.11067885091481604
ADA,AdrActCnt_lag_1d,30,2313,-0.2046477977254856,-0.23199799561353157,1.2227127963791712e-29,0.00030223028811966936,0.009930049208741281
ADA,NVT_Tx_Basis_lag_1d,30,2286,0.13499615085044867,0.032086116503154266,0.12511296347546094,0.14846699624245427,0.24117395651739376
ADA,Velocity_Momentum_lag_1d,30,2306,0.0012387159336767954,0.00491987700311162,0.8133318713519129,0.9474471898883331,0.9607915165064786
ADA,Tx_Intensity_lag_3d,30,2311,-0.20279374811991213,-0.15781161892164033,2.3437207583560934e-14,0.05310409959707219,0.11067885091481604
ADA,AdrActCnt_lag_3d,30,2311,-0.20657719417669618,-0.23595030144521742,1.3282813630500845e-30,0.0003842054921272609,0.009930049208741281
ADA,NVT_Tx_Basis_lag_3d,30,2284,0.13109048369889742,0.030171967344635817,0.14944525310187762,0.16454202608328983,0.2603741951208103
ADA,Velocity_Momentum_lag_3d,30,2304,-0.002001692131920591,0.0006437508889188204,0.9753626263147636,0.919528506666355,0.9526050716543534
ADA,Tx_Intensity_lag_7d,30,2307,-0.20400193660865007,-0.1599743525956412,1.0802856188312477e-14,0.049176424806625346,0.11050224650809169
ADA,AdrActCnt_lag_7d,30,2307,-0.21295333296014132,-0.24551962516412537,5.109539610367894e-33,0.0003873153870148984,0.009930049208741281
ADA,NVT_Tx_Basis_lag_7d,30,2280,0.1217222048614346,0.023431880307358998,0.2633975043351096,0.2080771959102895,0.3154012232745441
ADA,Velocity_Momentum_lag_7d,30,2300,-0.020903747604523615,-0.008101510531229901,0.6977718721947326,0.28288427030294294,0.40735334923623784
ADA,Tx_Intensity_lag_14d,30,2300,-0.20215875705003447,-0.15079163794039344,3.6113149598659354e-13,0.04839959348996343,0.11050224650809169
ADA,AdrActCnt_lag_14d,30,2300,-0.21047277547927315,-0.2499688707097099,4.205562755092685e-34,0.001056206370987868,0.013826701583841184
ADA,NVT_Tx_Basis_lag_14d,30,2273,0.10814561891449943,0.009771211879859637,0.6414967891947662,0.2792814641762076,0.40622758425630195
ADA,Velocity_Momentum_lag_14d,30,2293,-0.03034715471364845,-0.03182414733887671,0.12764288456284295,0.14673131934106107,0.24117395651739376
ADA,Tx_Intensity_lag_30d,30,2284,-0.1835338474890124,-0.12186118198505194,5.142581699395523e-09,0.07181327500287343,0.13606725790018123
ADA,AdrActCnt_lag_30d,30,2284,-0.21731710365964316,-0.2473780886498914,3.4240756083959004e-33,0.0032524354722509572,0.029271919250258616
ADA,NVT_Tx_Basis_lag_30d,30,2257,0.07499106490878943,-0.003924302584756613,0.8521837960497045,0.41351992125429526,0.5316684701840939
ADA,Velocity_Momentum_lag_30d,30,2277,-0.05554089573453722,-0.049437309720503975,0.018314734876907855,0.029472794170636828,0.09322879509745141
ADA,Price_Dist_lag_30d,30,2284,0.16625388553341305,0.06244578078690812,0.0028298565538502573,0.17747259523497516,0.27479627649286475
ADA,Price_Dist_lag_90d,30,2224,0.15651132866366477,0.11348389550198534,8.04324054895172e-08,0.12081951632032908,0.21217085792838278
ADA,Price_Dist_lag_182d,30,2132,0.050318678279869106,0.0808235306338767,0.00018709219289290096,0.39522253071211944,0.5173822220231382
ADA,Price_vs_MA7,30,2308,0.09381643725291133,0.07042142876452694,0.0007104032784616789,0.018986231896138833,0.08628946331978794
ADA,Volatility_30d,30,2284,0.08886919348469402,-0.05063216450975058,0.01552050268594824,0.4958472064644148,0.6000167876544179
ADA,StakingRatio,30,2094,0.015582275966080682,-0.03894569706440324,0.0747856946289514,0.8217590902330061,0.8765430295818731
